[
    {
        "model": "posts.hashtag",
        "pk": 1,
        "fields": {
            "name": "nofilter"
        }
    },
    {
        "model": "posts.post",
        "pk": 1,
        "fields": {
            "user": 1,
            "profile": 1,
            "caption": "me robot.008",
            "photo": "posts/photos/img_test.007.png",
            "created": "2020-09-17T18:11:33.580750Z",
            "modified": "2020-09-17T18:11:33.580754Z",
            "tags": [
                1
            ],
            "location": null
        }
    },
    {
        "model": "posts.postprofiletag",
        "pk": 1,
        "fields": {
            "profile": 2,
            "post": 1
        }
    },
    {
        "model": "posts.postprofiletag",
        "pk": 1,
        "fields": {
            "profile": 3,
            "post": 1
        }
    },
    {
        "model": "posts.postprofiletag",
        "pk": 1,
        "fields": {
            "profile": 4,
            "post": 1
        }
    },
    {
        "model": "posts.hashtag",
        "pk": 2,
        "fields": {
            "name": "likeforlike"
        }
    },
    {
        "model": "posts.hashtag",
        "pk": 3,
        "fields": {
            "name": "tbt"
        }
    },
    {
        "model": "posts.hashtag",
        "pk": 4,
        "fields": {
            "name": "fitness"
        }
    },
    {
        "model": "posts.hashtag",
        "pk": 5,
        "fields": {
            "name": "igers"
        }
    },
    {
        "model": "posts.hashtag",
        "pk": 6,
        "fields": {
            "name": "me"
        }
    },
    {
        "model": "posts.hashtag",
        "pk": 7,
        "fields": {
            "name": "life"
        }
    },
    {
        "model": "posts.location",
        "pk": 1,
        "fields": {
            "name": "Tokyo, Japan",
            "coordinates": "Tokyo, Japan"
        }
    },
    {
        "model": "posts.post",
        "pk": 2,
        "fields": {
            "user": 1,
            "profile": 1,
            "caption": "me robot.008",
            "photo": "posts/photos/img_test.011.png",
            "created": "2020-09-17T18:11:33.580797Z",
            "modified": "2020-09-17T18:11:33.580799Z",
            "tags": [
                2,
                3,
                4,
                5,
                6,
                7
            ],
            "location": 1
        }
    },
    {
        "model": "posts.postprofiletag",
        "pk": 2,
        "fields": {
            "profile": 2,
            "post": 2
        }
    },
    {
        "model": "posts.postprofiletag",
        "pk": 2,
        "fields": {
            "profile": 3,
            "post": 2
        }
    },
    {
        "model": "posts.hashtag",
        "pk": 8,
        "fields": {
            "name": "tagsforlikes"
        }
    },
    {
        "model": "posts.hashtag",
        "pk": 9,
        "fields": {
            "name": "beauty"
        }
    },
    {
        "model": "posts.hashtag",
        "pk": 10,
        "fields": {
            "name": "family"
        }
    },
    {
        "model": "posts.location",
        "pk": 2,
        "fields": {
            "name": "Hamburg, Germany",
            "coordinates": "Hamburg, Germany"
        }
    },
    {
        "model": "posts.post",
        "pk": 3,
        "fields": {
            "user": 1,
            "profile": 1,
            "caption": "me robot.008",
            "photo": "posts/photos/img_test.008.png",
            "created": "2020-09-17T18:11:33.580825Z",
            "modified": "2020-09-17T18:11:33.580827Z",
            "tags": [
                8,
                9,
                10
            ],
            "location": 2
        }
    },
    {
        "model": "posts.hashtag",
        "pk": 11,
        "fields": {
            "name": "nature"
        }
    },
    {
        "model": "posts.hashtag",
        "pk": 12,
        "fields": {
            "name": "instalike"
        }
    },
    {
        "model": "posts.hashtag",
        "pk": 13,
        "fields": {
            "name": "selfie"
        }
    },
    {
        "model": "posts.hashtag",
        "pk": 14,
        "fields": {
            "name": "food"
        }
    },
    {
        "model": "posts.hashtag",
        "pk": 15,
        "fields": {
            "name": "art"
        }
    },
    {
        "model": "posts.post",
        "pk": 4,
        "fields": {
            "user": 1,
            "profile": 1,
            "caption": "me robot.008",
            "photo": "posts/photos/img_test.005.png",
            "created": "2020-09-17T18:11:33.580865Z",
            "modified": "2020-09-17T18:11:33.580867Z",
            "tags": [
                11,
                12,
                3,
                13,
                5,
                14,
                15,
                4
            ],
            "location": null
        }
    },
    {
        "model": "users.user",
        "pk": 1,
        "fields": {
            "password": "pbkdf2_sha256$180000$8p4oybBJgJyb$6mDkGp7SschLUF0dk23yg7ntgI+4u+QK2RA9kdThoiA=",
            "last_login": "2020-01-31T23:21:10Z",
            "is_superuser": false,
            "username": "robot.008",
            "first_name": "lkrcucij",
            "last_name": "uehfekto",
            "is_staff": false,
            "is_active": true,
            "date_joined": "2019-07-27T05:58:47Z",
            "email": "robot.008@test.com",
            "is_verified": true,
            "phone_number": "+61-0499507227",
            "birthday": "1984-09-05",
            "groups": [],
            "user_permissions": []
        }
    },
    {
        "model": "users.profile",
        "pk": 1,
        "fields": {
            "user": 1,
            "website": "https://robot.008.com",
            "biography": "Lorem Ipsum is simply dummy text of the printing and typesetting\n    industry. Lorem Ipsum has been the industry's standard dummy text ever\n    since the 1500s, when an unknown printer took a galley of type and scrambled\n    it to make a type specimen book. It has survived not only five centuries,\n    but also the leap into electronic typesetting, remaining essentially unchanged.\n    It was popularised in the 1960s with the release of Letraset sheets containing Lorem\n    Ipsum passages, and more",
            "picture": "users/pictures/img_test.001.png",
            "gender": "R",
            "created": "2019-07-27T05:58:47Z",
            "modified": "2019-07-27T05:58:47Z"
        }
    },
    {
        "model": "posts.hashtag",
        "pk": 16,
        "fields": {
            "name": "friends"
        }
    },
    {
        "model": "posts.hashtag",
        "pk": 17,
        "fields": {
            "name": "instagram"
        }
    },
    {
        "model": "posts.hashtag",
        "pk": 18,
        "fields": {
            "name": "instamood"
        }
    },
    {
        "model": "posts.post",
        "pk": 5,
        "fields": {
            "user": 2,
            "profile": 2,
            "caption": "me robot.943",
            "photo": "posts/photos/img_test.003.png",
            "created": "2020-09-17T18:11:33.581116Z",
            "modified": "2020-09-17T18:11:33.581118Z",
            "tags": [
                16,
                15,
                17,
                10,
                12,
                18
            ],
            "location": 1
        }
    },
    {
        "model": "posts.postprofiletag",
        "pk": 4,
        "fields": {
            "profile": 1,
            "post": 5
        }
    },
    {
        "model": "posts.hashtag",
        "pk": 19,
        "fields": {
            "name": "photooftheday"
        }
    },
    {
        "model": "posts.hashtag",
        "pk": 20,
        "fields": {
            "name": "style"
        }
    },
    {
        "model": "posts.post",
        "pk": 6,
        "fields": {
            "user": 2,
            "profile": 2,
            "caption": "me robot.943",
            "photo": "posts/photos/img_test.002.png",
            "created": "2020-09-17T18:11:33.581143Z",
            "modified": "2020-09-17T18:11:33.581146Z",
            "tags": [
                19,
                5,
                20,
                13
            ],
            "location": null
        }
    },
    {
        "model": "posts.postprofiletag",
        "pk": 5,
        "fields": {
            "profile": 1,
            "post": 6
        }
    },
    {
        "model": "posts.postprofiletag",
        "pk": 5,
        "fields": {
            "profile": 3,
            "post": 6
        }
    },
    {
        "model": "posts.postprofiletag",
        "pk": 5,
        "fields": {
            "profile": 4,
            "post": 6
        }
    },
    {
        "model": "posts.post",
        "pk": 7,
        "fields": {
            "user": 2,
            "profile": 2,
            "caption": "me robot.943",
            "photo": "posts/photos/img_test.008.png",
            "created": "2020-09-17T18:11:33.581162Z",
            "modified": "2020-09-17T18:11:33.581165Z",
            "tags": [],
            "location": null
        }
    },
    {
        "model": "posts.postprofiletag",
        "pk": 6,
        "fields": {
            "profile": 1,
            "post": 7
        }
    },
    {
        "model": "posts.hashtag",
        "pk": 21,
        "fields": {
            "name": "fashion"
        }
    },
    {
        "model": "posts.hashtag",
        "pk": 22,
        "fields": {
            "name": "travel"
        }
    },
    {
        "model": "posts.post",
        "pk": 8,
        "fields": {
            "user": 2,
            "profile": 2,
            "caption": "me robot.943",
            "photo": "posts/photos/img_test.005.png",
            "created": "2020-09-17T18:11:33.581185Z",
            "modified": "2020-09-17T18:11:33.581187Z",
            "tags": [
                21,
                22
            ],
            "location": null
        }
    },
    {
        "model": "posts.postprofiletag",
        "pk": 7,
        "fields": {
            "profile": 1,
            "post": 8
        }
    },
    {
        "model": "posts.postprofiletag",
        "pk": 7,
        "fields": {
            "profile": 3,
            "post": 8
        }
    },
    {
        "model": "posts.postprofiletag",
        "pk": 7,
        "fields": {
            "profile": 4,
            "post": 8
        }
    },
    {
        "model": "users.user",
        "pk": 2,
        "fields": {
            "password": "pbkdf2_sha256$180000$8p4oybBJgJyb$6mDkGp7SschLUF0dk23yg7ntgI+4u+QK2RA9kdThoiA=",
            "last_login": "2020-01-22T04:30:48Z",
            "is_superuser": false,
            "username": "robot.943",
            "first_name": "sxzxeqbe",
            "last_name": "zulnucav",
            "is_staff": false,
            "is_active": true,
            "date_joined": "2019-03-23T04:10:04Z",
            "email": "robot.943@test.com",
            "is_verified": true,
            "phone_number": "+61-0411598095",
            "birthday": "1984-07-16",
            "groups": [],
            "user_permissions": []
        }
    },
    {
        "model": "users.profile",
        "pk": 2,
        "fields": {
            "user": 2,
            "website": "https://robot.943.com",
            "biography": "Lorem Ipsum is simply dummy text of the printing and typesetting\n    industry. Lorem Ipsum has been the industry's standard dummy text ever\n    since the 1500s, when an unknown printer took a galley of type and scrambled\n    it to make a type specimen book. It has survived not only five centuries,\n    but also the leap into electronic typesetting, remaining essentially unchanged.\n    It was popularised in the 1960s with the release of Letraset sheets containing Lorem\n    Ipsum passages, and more",
            "picture": "users/pictures/img_test.002.png",
            "gender": "R",
            "created": "2019-03-23T04:10:04Z",
            "modified": "2019-03-23T04:10:04Z"
        }
    },
    {
        "model": "posts.hashtag",
        "pk": 23,
        "fields": {
            "name": "repost"
        }
    },
    {
        "model": "posts.hashtag",
        "pk": 24,
        "fields": {
            "name": "photography"
        }
    },
    {
        "model": "posts.hashtag",
        "pk": 25,
        "fields": {
            "name": "like4like"
        }
    },
    {
        "model": "posts.post",
        "pk": 9,
        "fields": {
            "user": 3,
            "profile": 3,
            "caption": "me robot.115",
            "photo": "posts/photos/img_test.011.png",
            "created": "2020-09-17T18:11:33.581421Z",
            "modified": "2020-09-17T18:11:33.581423Z",
            "tags": [
                7,
                23,
                24,
                25,
                1
            ],
            "location": null
        }
    },
    {
        "model": "posts.postprofiletag",
        "pk": 8,
        "fields": {
            "profile": 1,
            "post": 9
        }
    },
    {
        "model": "posts.hashtag",
        "pk": 26,
        "fields": {
            "name": "instadaily"
        }
    },
    {
        "model": "posts.hashtag",
        "pk": 27,
        "fields": {
            "name": "girl"
        }
    },
    {
        "model": "posts.post",
        "pk": 10,
        "fields": {
            "user": 3,
            "profile": 3,
            "caption": "me robot.115",
            "photo": "posts/photos/img_test.012.png",
            "created": "2020-09-17T18:11:33.581460Z",
            "modified": "2020-09-17T18:11:33.581462Z",
            "tags": [
                26,
                17,
                5,
                7,
                13,
                2,
                27,
                24
            ],
            "location": null
        }
    },
    {
        "model": "posts.post",
        "pk": 11,
        "fields": {
            "user": 3,
            "profile": 3,
            "caption": "me robot.115",
            "photo": "posts/photos/img_test.008.png",
            "created": "2020-09-17T18:11:33.581479Z",
            "modified": "2020-09-17T18:11:33.581481Z",
            "tags": [],
            "location": null
        }
    },
    {
        "model": "posts.postprofiletag",
        "pk": 9,
        "fields": {
            "profile": 1,
            "post": 11
        }
    },
    {
        "model": "posts.postprofiletag",
        "pk": 9,
        "fields": {
            "profile": 2,
            "post": 11
        }
    },
    {
        "model": "posts.hashtag",
        "pk": 28,
        "fields": {
            "name": "picoftheday"
        }
    },
    {
        "model": "posts.hashtag",
        "pk": 29,
        "fields": {
            "name": "followme"
        }
    },
    {
        "model": "posts.location",
        "pk": 3,
        "fields": {
            "name": "Seoul, South Korea",
            "coordinates": "Seoul, South Korea"
        }
    },
    {
        "model": "posts.post",
        "pk": 12,
        "fields": {
            "user": 3,
            "profile": 3,
            "caption": "me robot.115",
            "photo": "posts/photos/img_test.002.png",
            "created": "2020-09-17T18:11:33.581514Z",
            "modified": "2020-09-17T18:11:33.581517Z",
            "tags": [
                14,
                16,
                28,
                29,
                19,
                22,
                8
            ],
            "location": 3
        }
    },
    {
        "model": "posts.postprofiletag",
        "pk": 10,
        "fields": {
            "profile": 1,
            "post": 12
        }
    },
    {
        "model": "posts.postprofiletag",
        "pk": 10,
        "fields": {
            "profile": 2,
            "post": 12
        }
    },
    {
        "model": "users.user",
        "pk": 3,
        "fields": {
            "password": "pbkdf2_sha256$180000$8p4oybBJgJyb$6mDkGp7SschLUF0dk23yg7ntgI+4u+QK2RA9kdThoiA=",
            "last_login": "2020-01-28T02:57:01Z",
            "is_superuser": false,
            "username": "robot.115",
            "first_name": "isudtiar",
            "last_name": "orvxkgzo",
            "is_staff": false,
            "is_active": true,
            "date_joined": "2019-05-23T08:19:07Z",
            "email": "robot.115@test.com",
            "is_verified": true,
            "phone_number": "+61-0449850869",
            "birthday": "1991-11-25",
            "groups": [],
            "user_permissions": []
        }
    },
    {
        "model": "users.profile",
        "pk": 3,
        "fields": {
            "user": 3,
            "website": "https://robot.115.com",
            "biography": "Lorem Ipsum is simply dummy text of the printing and typesetting\n    industry. Lorem Ipsum has been the industry's standard dummy text ever\n    since the 1500s, when an unknown printer took a galley of type and scrambled\n    it to make a type specimen book. It has survived not only five centuries,\n    but also the leap into electronic typesetting, remaining essentially unchanged.\n    It was popularised in the 1960s with the release of Letraset sheets containing Lorem\n    Ipsum passages, and more",
            "picture": "users/pictures/img_test.003.png",
            "gender": "R",
            "created": "2019-05-23T08:19:07Z",
            "modified": "2019-05-23T08:19:07Z"
        }
    },
    {
        "model": "posts.hashtag",
        "pk": 30,
        "fields": {
            "name": "happy"
        }
    },
    {
        "model": "posts.hashtag",
        "pk": 31,
        "fields": {
            "name": "summer"
        }
    },
    {
        "model": "posts.hashtag",
        "pk": 32,
        "fields": {
            "name": "cute"
        }
    },
    {
        "model": "posts.hashtag",
        "pk": 33,
        "fields": {
            "name": "amazing"
        }
    },
    {
        "model": "posts.post",
        "pk": 13,
        "fields": {
            "user": 4,
            "profile": 4,
            "caption": "me robot.952",
            "photo": "posts/photos/img_test.010.png",
            "created": "2020-09-17T18:11:33.581771Z",
            "modified": "2020-09-17T18:11:33.581774Z",
            "tags": [
                27,
                26,
                28,
                25,
                30,
                31,
                32,
                9,
                2,
                33
            ],
            "location": null
        }
    },
    {
        "model": "posts.hashtag",
        "pk": 34,
        "fields": {
            "name": "love"
        }
    },
    {
        "model": "posts.hashtag",
        "pk": 35,
        "fields": {
            "name": "fun"
        }
    },
    {
        "model": "posts.location",
        "pk": 4,
        "fields": {
            "name": "Barcelona, Spain",
            "coordinates": "Barcelona, Spain"
        }
    },
    {
        "model": "posts.post",
        "pk": 14,
        "fields": {
            "user": 4,
            "profile": 4,
            "caption": "me robot.952",
            "photo": "posts/photos/img_test.006.png",
            "created": "2020-09-17T18:11:33.581810Z",
            "modified": "2020-09-17T18:11:33.581812Z",
            "tags": [
                18,
                25,
                8,
                6,
                34,
                35,
                30,
                9
            ],
            "location": 4
        }
    },
    {
        "model": "posts.postprofiletag",
        "pk": 11,
        "fields": {
            "profile": 1,
            "post": 14
        }
    },
    {
        "model": "posts.postprofiletag",
        "pk": 11,
        "fields": {
            "profile": 2,
            "post": 14
        }
    },
    {
        "model": "posts.postprofiletag",
        "pk": 11,
        "fields": {
            "profile": 3,
            "post": 14
        }
    },
    {
        "model": "posts.hashtag",
        "pk": 36,
        "fields": {
            "name": "follow4follow"
        }
    },
    {
        "model": "posts.post",
        "pk": 15,
        "fields": {
            "user": 4,
            "profile": 4,
            "caption": "me robot.952",
            "photo": "posts/photos/img_test.011.png",
            "created": "2020-09-17T18:11:33.581845Z",
            "modified": "2020-09-17T18:11:33.581847Z",
            "tags": [
                5,
                17,
                26,
                36,
                32,
                30
            ],
            "location": null
        }
    },
    {
        "model": "posts.postprofiletag",
        "pk": 12,
        "fields": {
            "profile": 1,
            "post": 15
        }
    },
    {
        "model": "posts.postprofiletag",
        "pk": 12,
        "fields": {
            "profile": 2,
            "post": 15
        }
    },
    {
        "model": "posts.postprofiletag",
        "pk": 12,
        "fields": {
            "profile": 3,
            "post": 15
        }
    },
    {
        "model": "posts.hashtag",
        "pk": 37,
        "fields": {
            "name": "instagood"
        }
    },
    {
        "model": "posts.post",
        "pk": 16,
        "fields": {
            "user": 4,
            "profile": 4,
            "caption": "me robot.952",
            "photo": "posts/photos/img_test.001.png",
            "created": "2020-09-17T18:11:33.581882Z",
            "modified": "2020-09-17T18:11:33.581884Z",
            "tags": [
                1,
                36,
                18,
                7,
                24,
                34,
                37,
                20,
                21
            ],
            "location": null
        }
    },
    {
        "model": "posts.postprofiletag",
        "pk": 13,
        "fields": {
            "profile": 1,
            "post": 16
        }
    },
    {
        "model": "posts.postprofiletag",
        "pk": 13,
        "fields": {
            "profile": 2,
            "post": 16
        }
    },
    {
        "model": "posts.postprofiletag",
        "pk": 13,
        "fields": {
            "profile": 3,
            "post": 16
        }
    },
    {
        "model": "users.user",
        "pk": 4,
        "fields": {
            "password": "pbkdf2_sha256$180000$8p4oybBJgJyb$6mDkGp7SschLUF0dk23yg7ntgI+4u+QK2RA9kdThoiA=",
            "last_login": "2020-01-17T09:52:25Z",
            "is_superuser": false,
            "username": "robot.952",
            "first_name": "jzvqiwjk",
            "last_name": "fgtbnblq",
            "is_staff": false,
            "is_active": true,
            "date_joined": "2019-05-13T11:52:32Z",
            "email": "robot.952@test.com",
            "is_verified": true,
            "phone_number": "+61-0459363865",
            "birthday": "1986-11-02",
            "groups": [],
            "user_permissions": []
        }
    },
    {
        "model": "users.profile",
        "pk": 4,
        "fields": {
            "user": 4,
            "website": "https://robot.952.com",
            "biography": "Lorem Ipsum is simply dummy text of the printing and typesetting\n    industry. Lorem Ipsum has been the industry's standard dummy text ever\n    since the 1500s, when an unknown printer took a galley of type and scrambled\n    it to make a type specimen book. It has survived not only five centuries,\n    but also the leap into electronic typesetting, remaining essentially unchanged.\n    It was popularised in the 1960s with the release of Letraset sheets containing Lorem\n    Ipsum passages, and more",
            "picture": "users/pictures/img_test.004.png",
            "gender": "R",
            "created": "2019-05-13T11:52:32Z",
            "modified": "2019-05-13T11:52:32Z"
        }
    },
    {
        "model": "posts.location",
        "pk": 5,
        "fields": {
            "name": "Milan, Italy",
            "coordinates": "Milan, Italy"
        }
    },
    {
        "model": "posts.post",
        "pk": 17,
        "fields": {
            "user": 5,
            "profile": 5,
            "caption": "me robot.291",
            "photo": "posts/photos/img_test.007.png",
            "created": "2020-09-17T18:11:33.582150Z",
            "modified": "2020-09-17T18:11:33.582153Z",
            "tags": [
                19,
                11,
                16,
                35,
                13,
                24,
                31,
                2
            ],
            "location": 5
        }
    },
    {
        "model": "posts.postprofiletag",
        "pk": 14,
        "fields": {
            "profile": 1,
            "post": 17
        }
    },
    {
        "model": "posts.post",
        "pk": 18,
        "fields": {
            "user": 5,
            "profile": 5,
            "caption": "me robot.291",
            "photo": "posts/photos/img_test.011.png",
            "created": "2020-09-17T18:11:33.582181Z",
            "modified": "2020-09-17T18:11:33.582183Z",
            "tags": [
                34,
                1,
                15,
                32,
                3,
                7,
                4
            ],
            "location": null
        }
    },
    {
        "model": "posts.postprofiletag",
        "pk": 15,
        "fields": {
            "profile": 1,
            "post": 18
        }
    },
    {
        "model": "posts.postprofiletag",
        "pk": 15,
        "fields": {
            "profile": 2,
            "post": 18
        }
    },
    {
        "model": "posts.postprofiletag",
        "pk": 15,
        "fields": {
            "profile": 3,
            "post": 18
        }
    },
    {
        "model": "posts.hashtag",
        "pk": 38,
        "fields": {
            "name": "beautiful"
        }
    },
    {
        "model": "posts.post",
        "pk": 19,
        "fields": {
            "user": 5,
            "profile": 5,
            "caption": "me robot.291",
            "photo": "posts/photos/img_test.002.png",
            "created": "2020-09-17T18:11:33.582210Z",
            "modified": "2020-09-17T18:11:33.582213Z",
            "tags": [
                13,
                24,
                38,
                6
            ],
            "location": null
        }
    },
    {
        "model": "posts.postprofiletag",
        "pk": 16,
        "fields": {
            "profile": 1,
            "post": 19
        }
    },
    {
        "model": "posts.postprofiletag",
        "pk": 16,
        "fields": {
            "profile": 2,
            "post": 19
        }
    },
    {
        "model": "posts.postprofiletag",
        "pk": 16,
        "fields": {
            "profile": 3,
            "post": 19
        }
    },
    {
        "model": "posts.location",
        "pk": 6,
        "fields": {
            "name": "Orlando, Florida",
            "coordinates": "Orlando, Florida"
        }
    },
    {
        "model": "posts.post",
        "pk": 20,
        "fields": {
            "user": 5,
            "profile": 5,
            "caption": "me robot.291",
            "photo": "posts/photos/img_test.009.png",
            "created": "2020-09-17T18:11:33.582229Z",
            "modified": "2020-09-17T18:11:33.582231Z",
            "tags": [],
            "location": 6
        }
    },
    {
        "model": "posts.postprofiletag",
        "pk": 17,
        "fields": {
            "profile": 1,
            "post": 20
        }
    },
    {
        "model": "posts.postprofiletag",
        "pk": 17,
        "fields": {
            "profile": 2,
            "post": 20
        }
    },
    {
        "model": "posts.postprofiletag",
        "pk": 17,
        "fields": {
            "profile": 3,
            "post": 20
        }
    },
    {
        "model": "posts.postprofiletag",
        "pk": 17,
        "fields": {
            "profile": 4,
            "post": 20
        }
    },
    {
        "model": "users.user",
        "pk": 5,
        "fields": {
            "password": "pbkdf2_sha256$180000$8p4oybBJgJyb$6mDkGp7SschLUF0dk23yg7ntgI+4u+QK2RA9kdThoiA=",
            "last_login": "2020-01-24T15:14:25Z",
            "is_superuser": false,
            "username": "robot.291",
            "first_name": "emcvilly",
            "last_name": "mprmawuz",
            "is_staff": false,
            "is_active": true,
            "date_joined": "2019-06-16T03:29:05Z",
            "email": "robot.291@test.com",
            "is_verified": true,
            "phone_number": "+61-0460118610",
            "birthday": "1986-09-23",
            "groups": [],
            "user_permissions": []
        }
    },
    {
        "model": "users.profile",
        "pk": 5,
        "fields": {
            "user": 5,
            "website": "https://robot.291.com",
            "biography": "Lorem Ipsum is simply dummy text of the printing and typesetting\n    industry. Lorem Ipsum has been the industry's standard dummy text ever\n    since the 1500s, when an unknown printer took a galley of type and scrambled\n    it to make a type specimen book. It has survived not only five centuries,\n    but also the leap into electronic typesetting, remaining essentially unchanged.\n    It was popularised in the 1960s with the release of Letraset sheets containing Lorem\n    Ipsum passages, and more",
            "picture": "users/pictures/img_test.005.png",
            "gender": "R",
            "created": "2019-06-16T03:29:05Z",
            "modified": "2019-06-16T03:29:05Z"
        }
    }
]